id,name,FareZones,HubNaptanCode,Wifi,OutsideStationUniqueId,BlueBadgeCarParking,BlueBadgeCarParkSpaces,TaxiRanksOutsideStation,MainBusInterchange,PierInterchange,NationalRailInterchange,AirportInterchange,EmiratesAirLineInterchange,lat,lon,location
HUBABW,Abbey Wood,4,HUBABW,FALSE,HUBABW-Outside,FALSE,,FALSE,,,,,,51.49238,0.12128,"51.49238,0.12128"
910GACTNCTL,Acton Central,3,,TRUE,910GACTNCTL-Outside,FALSE,,FALSE,,,,,,51.50862,-0.26351,"51.50862,-0.26351"
910GACTONML,Acton Main Line,3,,FALSE,910GACTONML-Outside,FALSE,,FALSE,,,,,,51.51732,-0.26669,"51.51732,-0.26669"
910GANERLEY,Anerley,4,,TRUE,910GANERLEY-Outside,FALSE,,FALSE,,,,,,51.41221,-0.06544,"51.41221,-0.06544"
910GBCKNHMH,Beckenham Hill,4,,FALSE,910GBCKNHMH-Outside,FALSE,,FALSE,,,,,,51.42375,-0.01489,"51.42375,-0.01489"
910GBELNGHM,Bellingham,3,,FALSE,910GBELNGHM-Outside,FALSE,,FALSE,,,,,,51.43278,-0.01948,"51.43278,-0.01948"
910GBHILLPK,Bush Hill Park,5,,TRUE,910GBHILLPK-Outside,TRUE,2,FALSE,,,,,,51.6413,-0.06916,"51.6413,-0.06916"
910GBICKLEY,Bickley,5,,FALSE,910GBICKLEY-Outside,FALSE,,FALSE,,,,,,51.39904,0.04665,"51.39904,0.04665"
910GBNHAM,Burnham,Outside,,FALSE,910GBNHAM-Outside,FALSE,,FALSE,,,,,,51.52341,-0.64623,"51.52341,-0.64623"
910GBRBY,Brondesbury,2,,TRUE,910GBRBY-Outside,FALSE,,FALSE,,,,,,51.54537,-0.20195,"51.54537,-0.20195"
910GBRBYPK,Brondesbury Park,2,,FALSE,910GBRBYPK-Outside,FALSE,,FALSE,,,,,,51.54067,-0.20958,"51.54067,-0.20958"
910GBRENTX,Brent Cross West Station,3,,FALSE,910GBRENTX-Outside,FALSE,,FALSE,,,,,,51.56822,-0.22401,"51.56822,-0.22401"
910GBROCKLY,Brockley,2,,TRUE,910GBROCKLY-Outside,FALSE,,FALSE,,,,,,51.4642,-0.03799,"51.4642,-0.03799"
910GBROMLYS,Bromley South,5,,FALSE,910GBROMLYS-Outside,FALSE,,FALSE,,,,,,51.39994,0.0193,"51.39994,0.0193"
910GBRTWOOD,Brentwood,9,,TRUE,910GBRTWOOD-Outside,TRUE,17,FALSE,,,,,,51.61384,0.30015,"51.61384,0.30015"
910GBRUCGRV,Bruce Grove,3,,TRUE,910GBRUCGRV-Outside,FALSE,,FALSE,,,,,,51.5936,-0.06991,"51.5936,-0.06991"
910GBTHNLGR,Bethnal Green,2,,TRUE,910GBTHNLGR-Outside,FALSE,,FALSE,,,,,,51.52389,-0.05948,"51.52389,-0.05948"
910GCAMHTH,Cambridge Heath,2,,FALSE,910GCAMHTH-Outside,FALSE,,FALSE,,,,,,51.53253,-0.05759,"51.53253,-0.05759"
910GCATFORD,Catford,3,,FALSE,910GCATFORD-Outside,FALSE,,FALSE,,,,,,51.44415,-0.02634,"51.44415,-0.02634"
910GCFPK,Crofton Park,3,,FALSE,910GCFPK-Outside,FALSE,,FALSE,,,,,,51.45457,-0.03742,"51.45457,-0.03742"
910GCHDWLHT,Chadwell Heath,5,,FALSE,910GCHDWLHT-Outside,FALSE,,FALSE,,,,,,51.56826,0.12985,"51.56826,0.12985"
910GCHESHNT,Cheshunt,8,,TRUE,910GCHESHNT-Outside,TRUE,5,FALSE,,,Partial,,,51.70286,-0.02379,"51.70286,-0.02379"
910GCHINGFD,Chingford,5,,TRUE,910GCHINGFD-Outside,TRUE,3,FALSE,,,,,,51.6336,0.01031,"51.6336,0.01031"
910GCLAPTON,Clapton,2|3,,TRUE,910GCLAPTON-Outside,FALSE,,FALSE,,,,,,51.56203,-0.05746,"51.56203,-0.05746"
910GCLDNNRB,Caledonian Road & Barnsbury,2,,FALSE,910GCLDNNRB-Outside,FALSE,,FALSE,,,,,,51.54245,-0.11734,"51.54245,-0.11734"
910GCLPHHS,Clapham High Street,2,,FALSE,910GCLPHHS-Outside,FALSE,,FALSE,,,,,,51.46508,-0.13199,"51.46508,-0.13199"
910GCMDNRD,Camden Road,2,,TRUE,910GCMDNRD-Outside,FALSE,,FALSE,,,,,,51.54177,-0.13836,"51.54177,-0.13836"
910GCNNB,Canonbury,2,,FALSE,910GCNNB-Outside,FALSE,,FALSE,,,,,,51.54928,-0.09266,"51.54928,-0.09266"
910GCOLSDNS,Coulsdon South,6,,TRUE,910GCOLSDNS-Outside,FALSE,,FALSE,,,,,,51.31569,-0.13804,"51.31569,-0.13804"
910GCRKLWD,Cricklewood,3,,TRUE,910GCRKLWD-Outside,FALSE,,FALSE,,,,,,51.55925,-0.21218,"51.55925,-0.21218"
910GCRLN,Charlton,3,,FALSE,910GCRLN-Outside,FALSE,,FALSE,,,,,,51.48697,0.0318,"51.48697,0.0318"
910GCROUCHH,Crouch Hill,3,,FALSE,910GCROUCHH-Outside,FALSE,,FALSE,,,,,,51.57111,-0.11719,"51.57111,-0.11719"
910GCRPNDPK,Carpenders Park,7,,TRUE,910GCRPNDPK-Outside,FALSE,,FALSE,,,,,,51.62877,-0.38582,"51.62877,-0.38582"
910GCRSHLTN,Carshalton,5,,TRUE,910GCRSHLTN-Outside,FALSE,,FALSE,,,,,,51.36841,-0.16501,"51.36841,-0.16501"
910GCTMSLNK,City Thameslink,1,,TRUE,910GCTMSLNK-Outside,FALSE,,FALSE,,,,,,51.51669,-0.10342,"51.51669,-0.10342"
910GDALS,Dalston Junction,2,,FALSE,910GDALS-Outside,FALSE,,FALSE,,,,,,51.54489,-0.07592,"51.54489,-0.07592"
910GDALSKLD,Dalston Kingsland,2,,FALSE,910GDALSKLD-Outside,FALSE,,FALSE,,,,,,51.54842,-0.07546,"51.54842,-0.07546"
910GDARTFD,Dartford,8,,FALSE,910GDARTFD-Outside,FALSE,,FALSE,,,,,,51.4466,0.21829,"51.4466,0.21829"
910GDENMRKH,Denmark Hill,2,,TRUE,910GDENMRKH-Outside,FALSE,,FALSE,,,Partial,,,51.46789,-0.08922,"51.46789,-0.08922"
910GDEPTFD,Deptford,2,,FALSE,910GDEPTFD-Outside,FALSE,,FALSE,,,,,,51.47902,-0.0261,"51.47902,-0.0261"
910GEDMNGRN,Edmonton Green,4,,TRUE,910GEDMNGRN-Outside,FALSE,,FALSE,,,Partial,,,51.6252,-0.06204,"51.6252,-0.06204"
910GELTR,Elstree & Borehamwood,6,,TRUE,910GELTR-Outside,FALSE,,FALSE,,,,,,51.65327,-0.27951,"51.65327,-0.27951"
910GEMRSPKH,Emerson Park,6,,FALSE,910GEMRSPKH-Outside,FALSE,,FALSE,,,,,,51.56908,0.2196,"51.56908,0.2196"
910GENFLDTN,Enfield Town,5,,TRUE,910GENFLDTN-Outside,FALSE,,FALSE,,,,,,51.65238,-0.07842,"51.65238,-0.07842"
910GESTFLDS,Mitcham Eastfields,3,,FALSE,910GESTFLDS-Outside,FALSE,,FALSE,,,,,,51.40803,-0.15415,"51.40803,-0.15415"
910GFNCHLYR,Finchley Road & Frognal,2,,TRUE,910GFNCHLYR-Outside,FALSE,,FALSE,,,,,,51.55019,-0.18268,"51.55019,-0.18268"
910GFORESTH,Forest Hill,3,,FALSE,910GFORESTH-Outside,TRUE,1,FALSE,,,Partial,,,51.43952,-0.05312,"51.43952,-0.05312"
910GFRSTGT,Forest Gate,3,,FALSE,910GFRSTGT-Outside,FALSE,,FALSE,,,,,,51.54952,0.02479,"51.54952,0.02479"
910GGIDEAPK,Gidea Park,6,,TRUE,910GGIDEAPK-Outside,FALSE,,FALSE,,,,,,51.58144,0.20601,"51.58144,0.20601"
910GGODMAYS,Goodmayes,4,,TRUE,910GGODMAYS-Outside,FALSE,,FALSE,,,,,,51.56539,0.11039,"51.56539,0.11039"
910GGOSPLOK,Gospel Oak,2,,TRUE,910GGOSPLOK-Outside,FALSE,,FALSE,,,,,,51.55509,-0.15113,"51.55509,-0.15113"
910GHACKNYC,Hackney Central,2,,TRUE,910GHACKNYC-Outside,FALSE,,FALSE,,,,,,51.54767,-0.05634,"51.54767,-0.05634"
910GHACKNYW,Hackney Wick,2,,FALSE,910GHACKNYW-Outside,FALSE,,FALSE,,,,,,51.54317,-0.02542,"51.54317,-0.02542"
910GHAGGERS,Haggerston,2,,FALSE,910GHAGGERS-Outside,FALSE,,FALSE,,,,,,51.53847,-0.07559,"51.53847,-0.07559"
910GHAKNYNM,Hackney Downs,2,,TRUE,910GHAKNYNM-Outside,FALSE,,FALSE,,,,,,51.54908,-0.06085,"51.54908,-0.06085"
910GHANWELL,Hanwell,4,,FALSE,910GHANWELL-Outside,FALSE,,FALSE,,,,,,51.51197,-0.33843,"51.51197,-0.33843"
910GHAYESAH,Hayes & Harlington,5,,FALSE,910GHAYESAH-Outside,FALSE,,FALSE,,,,,,51.50334,-0.42068,"51.50334,-0.42068"
910GHDON,Hendon,3|4,,TRUE,910GHDON-Outside,FALSE,,FALSE,,,,,,51.58006,-0.23879,"51.58006,-0.23879"
910GHEDSTNL,Headstone Lane,5,,TRUE,910GHEDSTNL-Outside,FALSE,,FALSE,,,,,,51.60282,-0.35708,"51.60282,-0.35708"
910GHERNEH,Herne Hill,2|3,,FALSE,910GHERNEH-Outside,FALSE,,FALSE,,,,,,51.45258,-0.10278,"51.45258,-0.10278"
910GHGHMSPK,Highams Park,4,,TRUE,910GHGHMSPK-Outside,TRUE,2,FALSE,,,,,,51.60908,-0.00026,"51.60908,-0.00026"
910GHKBG,Hackbridge,4,,FALSE,910GHKBG-Outside,FALSE,,FALSE,,,,,,51.37805,-0.15399,"51.37805,-0.15399"
910GHMPSTDH,Hampstead Heath,2,,TRUE,910GHMPSTDH-Outside,FALSE,,FALSE,,,,,,51.55541,-0.16573,"51.55541,-0.16573"
910GHOMRTON,Homerton,2,,TRUE,910GHOMRTON-Outside,FALSE,,FALSE,,,,,,51.54697,-0.04235,"51.54697,-0.04235"
910GHONROPK,Honor Oak Park,3,,TRUE,910GHONROPK-Outside,FALSE,,FALSE,,,,,,51.44964,-0.04509,"51.44964,-0.04509"
910GHOXTON,Hoxton,1|2,,FALSE,910GHOXTON-Outside,FALSE,,FALSE,,,,,,51.53102,-0.07517,"51.53102,-0.07517"
910GHRGYGL,Harringay Green Lanes,3,,FALSE,910GHRGYGL-Outside,FALSE,,FALSE,,,,,,51.57749,-0.09871,"51.57749,-0.09871"
910GHRLDWOD,Harold Wood,6,,FALSE,910GHRLDWOD-Outside,TRUE,2,FALSE,,,,,,51.59327,0.23323,"51.59327,0.23323"
910GHTCHEND,Hatch End,6,,FALSE,910GHTCHEND-Outside,TRUE,2,FALSE,,,,,,51.60953,-0.36816,"51.60953,-0.36816"
910GHYDNSRD,Haydons Road,3,,FALSE,910GHYDNSRD-Outside,FALSE,,FALSE,,,,,,51.42492,-0.1899,"51.42492,-0.1899"
910GILFORD,Ilford,4,,FALSE,910GILFORD-Outside,FALSE,,FALSE,,,,,,51.55966,0.07002,"51.55966,0.07002"
910GIVER,Iver,Outside,,FALSE,910GIVER-Outside,FALSE,,FALSE,,,,,,51.50874,-0.50631,"51.50874,-0.50631"
910GKENR,Kensal Rise,2,,TRUE,910GKENR-Outside,FALSE,,FALSE,,,,,,51.53467,-0.21962,"51.53467,-0.21962"
910GKLBRNHR,Kilburn High Road,2,,TRUE,910GKLBRNHR-Outside,FALSE,,FALSE,,,,,,51.5376,-0.19269,"51.5376,-0.19269"
910GKNTSHTW,Kentish Town West,2,,FALSE,910GKNTSHTW-Outside,FALSE,,FALSE,,,,,,51.54634,-0.14672,"51.54634,-0.14672"
910GLANGLEY,Langley,Outside,,FALSE,910GLANGLEY-Outside,FALSE,,FALSE,,,,,,51.50806,-0.54202,"51.50806,-0.54202"
910GLBGHJN,Loughborough Junction,2,,TRUE,910GLBGHJN-Outside,FALSE,,FALSE,,,,,,51.4661,-0.10369,"51.4661,-0.10369"
910GLEYTNMR,Leyton Midland Road,3,,TRUE,910GLEYTNMR-Outside,FALSE,,FALSE,,,,,,51.56984,-0.00835,"51.56984,-0.00835"
910GLONFLDS,London Fields,2,,TRUE,910GLONFLDS-Outside,FALSE,,FALSE,,,,,,51.54102,-0.05818,"51.54102,-0.05818"
910GLYTNSHR,Leytonstone High Road,3,,FALSE,910GLYTNSHR-Outside,FALSE,,FALSE,,,,,,51.56321,0.00956,"51.56321,0.00956"
910GMANRPK,Manor Park,3|4,,TRUE,910GMANRPK-Outside,FALSE,,FALSE,,,,,,51.55215,0.0468,"51.55215,0.0468"
910GMAZEH,Maze Hill,3,,FALSE,910GMAZEH-Outside,FALSE,,FALSE,,,,,,51.48279,0.00308,"51.48279,0.00308"
910GMDNHEAD,Maidenhead,Outside,,TRUE,910GMDNHEAD-Outside,FALSE,,FALSE,,,,,,51.51858,-0.72252,"51.51858,-0.72252"
910GMLHB,Mill Hill Broadway,4,,TRUE,910GMLHB-Outside,FALSE,,FALSE,,,,,,51.61365,-0.24936,"51.61365,-0.24936"
910GMORDENS,Morden South,4,,FALSE,910GMORDENS-Outside,FALSE,,FALSE,,,,,,51.39704,-0.20019,"51.39704,-0.20019"
910GMRYLAND,Maryland,3,,TRUE,910GMRYLAND-Outside,FALSE,,FALSE,,,,,,51.54645,0.00626,"51.54645,0.00626"
910GNBARNET,New Barnet,5,,TRUE,910GNBARNET-Outside,FALSE,,FALSE,,,,,,51.64901,-0.17359,"51.64901,-0.17359"
910GNEWSGAT,New Southgate,4,,FALSE,910GNEWSGAT-Outside,FALSE,,FALSE,,,,,,51.6152,-0.14341,"51.6152,-0.14341"
910GNUNHEAD,Nunhead,2,,FALSE,910GNUNHEAD-Outside,FALSE,,FALSE,,,,,,51.46649,-0.05137,"51.46649,-0.05137"
910GOKLGHPK,Oakleigh Park,4,,TRUE,910GOKLGHPK-Outside,FALSE,,FALSE,,,,,,51.63728,-0.16644,"51.63728,-0.16644"
910GORPNGTN,Orpington,6,,FALSE,910GORPNGTN-Outside,FALSE,,FALSE,,,,,,51.3732,0.08959,"51.3732,0.08959"
910GPCKHMQD,Queens Road Peckham,2,,TRUE,910GPCKHMQD-Outside,FALSE,,FALSE,,,Partial,,,51.47363,-0.0578,"51.47363,-0.0578"
910GPCKHMRY,Peckham Rye,2,,FALSE,910GPCKHMRY-Outside,FALSE,,FALSE,,,,,,51.46979,-0.06856,"51.46979,-0.06856"
910GPENEW,Penge West,4,,TRUE,910GPENEW-Outside,TRUE,2,FALSE,,,,,,51.41755,-0.06084,"51.41755,-0.06084"
910GPETSWD,Petts Wood,5,,FALSE,910GPETSWD-Outside,FALSE,,FALSE,,,,,,51.38921,0.07457,"51.38921,0.07457"
910GPLMS,Plumstead,4,,FALSE,910GPLMS-Outside,FALSE,,FALSE,,,,,,51.48962,0.08583,"51.48962,0.08583"
910GPURLEY,Purley,6,,TRUE,910GPURLEY-Outside,FALSE,,FALSE,,,,,,51.33847,-0.1138,"51.33847,-0.1138"
910GRBRN,Ravensbourne,4,,FALSE,910GRBRN-Outside,FALSE,,FALSE,,,,,,51.41253,-0.00507,"51.41253,-0.00507"
910GRCTRYRD,Rectory Road,2,,TRUE,910GRCTRYRD-Outside,FALSE,,FALSE,,,,,,51.55857,-0.06857,"51.55857,-0.06857"
910GRDNGSTN,Reading,Outside,,FALSE,910GRDNGSTN-Outside,FALSE,,FALSE,,,,,,51.45814,-0.97166,"51.45814,-0.97166"
910GROMFORD,Romford,6,,TRUE,910GROMFORD-Outside,FALSE,,FALSE,,,Partial,,,51.57417,0.18381,"51.57417,0.18381"
910GRTHERHI,Rotherhithe,2,,FALSE,910GRTHERHI-Outside,FALSE,,FALSE,,,,,,51.50075,-0.05209,"51.50075,-0.05209"
910GSACTON,South Acton,3,,TRUE,910GSACTON-Outside,FALSE,,FALSE,,,,,,51.49927,-0.27049,"51.49927,-0.27049"
910GSBURY,Southbury,5,,TRUE,910GSBURY-Outside,FALSE,,FALSE,,,,,,51.64887,-0.05263,"51.64887,-0.05263"
910GSCROYDN,South Croydon,5,,TRUE,910GSCROYDN-Outside,FALSE,,FALSE,,,,,,51.36428,-0.09537,"51.36428,-0.09537"
910GSHENFLD,Shenfield,Outside,,TRUE,910GSHENFLD-Outside,FALSE,,FALSE,,,Partial,,,51.63087,0.32937,"51.63087,0.32937"
910GSHLIER,St Helier (London),4,,FALSE,910GSHLIER-Outside,FALSE,,FALSE,,,,,,51.3895,-0.19683,"51.3895,-0.19683"
910GSHMPSTD,South Hampstead,2,,FALSE,910GSHMPSTD-Outside,FALSE,,FALSE,,,,,,51.54147,-0.17937,"51.54147,-0.17937"
910GSHRDHST,Shoreditch High Street,1,,FALSE,910GSHRDHST-Outside,FALSE,,FALSE,,,,,,51.52408,-0.07964,"51.52408,-0.07964"
910GSHRTLND,Shortlands,4,,FALSE,910GSHRTLND-Outside,FALSE,,FALSE,,,,,,51.40518,0.00088,"51.40518,0.00088"
910GSIVRST,Silver Street,4,,TRUE,910GSIVRST-Outside,FALSE,,FALSE,,,,,,51.61474,-0.06719,"51.61474,-0.06719"
910GSLADEGN,Slade Green,6,,FALSE,910GSLADEGN-Outside,FALSE,,FALSE,,,,,,51.46769,0.1905,"51.46769,0.1905"
910GSLOUGH,Slough,Outside,,TRUE,910GSLOUGH-Outside,FALSE,,FALSE,,,,,,51.5118,-0.59158,"51.5118,-0.59158"
910GSMERTON,South Merton,4,,FALSE,910GSMERTON-Outside,FALSE,,FALSE,,,,,,51.40277,-0.20568,"51.40277,-0.20568"
910GSTHALL,Southall,4,,FALSE,910GSTHALL-Outside,FALSE,,FALSE,,,,,,51.50579,-0.37879,"51.50579,-0.37879"
910GSTJMSST,St James Street,3,,TRUE,910GSTJMSST-Outside,FALSE,,FALSE,,,,,,51.58084,-0.03311,"51.58084,-0.03311"
910GSTKNWNG,Stoke Newington,2,,TRUE,910GSTKNWNG-Outside,FALSE,,FALSE,,,,,,51.56474,-0.07307,"51.56474,-0.07307"
910GSTMFDHL,Stamford Hill,3,,TRUE,910GSTMFDHL-Outside,FALSE,,FALSE,,,,,,51.57446,-0.07752,"51.57446,-0.07752"
910GSTMRYC,St Mary Cray,6,,FALSE,910GSTMRYC-Outside,FALSE,,FALSE,,,,,,51.39571,0.10715,"51.39571,0.10715"
910GSTOTNHM,South Tottenham,3,,FALSE,910GSTOTNHM-Outside,FALSE,,FALSE,,,,,,51.58056,-0.07263,"51.58056,-0.07263"
910GSTRETHM,Streatham,3,,TRUE,910GSTRETHM-Outside,FALSE,,FALSE,,,,,,51.42562,-0.13065,"51.42562,-0.13065"
910GSURREYQ,Surrey Quays,2,,FALSE,910GSURREYQ-Outside,FALSE,,FALSE,,,,,,51.49354,-0.04795,"51.49354,-0.04795"
910GSUTTON,Sutton,5,,TRUE,910GSUTTON-Outside,FALSE,,FALSE,,,,,,51.35955,-0.19142,"51.35955,-0.19142"
910GSUTTONC,Sutton Common,4,,FALSE,910GSUTTONC-Outside,FALSE,,FALSE,,,,,,51.37505,-0.19668,"51.37505,-0.19668"
910GSVNKNGS,Seven Kings,4,,TRUE,910GSVNKNGS-Outside,FALSE,,FALSE,,,,,,51.56445,0.09872,"51.56445,0.09872"
910GSWLY,Swanley,8,,FALSE,910GSWLY-Outside,FALSE,,FALSE,,,,,,51.39378,0.16845,"51.39378,0.16845"
910GTAPLOW,Taplow,Outside,,FALSE,910GTAPLOW-Outside,FALSE,,FALSE,,,,,,51.52356,-0.68137,"51.52356,-0.68137"
910GTHBLDSG,Theobalds Grove,7,,TRUE,910GTHBLDSG-Outside,FALSE,,FALSE,,,,,,51.69274,-0.03438,"51.69274,-0.03438"
910GTOOTING,Tooting,3,,TRUE,910GTOOTING-Outside,FALSE,,FALSE,,,,,,51.42072,-0.16103,"51.42072,-0.16103"
910GTULSEH,Tulse Hill,3,,TRUE,910GTULSEH-Outside,FALSE,,FALSE,,,,,,51.43955,-0.10526,"51.43955,-0.10526"
910GTURKYST,Turkey Street,6,,TRUE,910GTURKYST-Outside,FALSE,,FALSE,,,,,,51.67231,-0.04759,"51.67231,-0.04759"
910GTWYFORD,Twyford,Outside,,TRUE,910GTWYFORD-Outside,FALSE,,FALSE,,,,,,51.47544,-0.86315,"51.47544,-0.86315"
910GUPRHLWY,Upper Holloway,2,,FALSE,910GUPRHLWY-Outside,FALSE,,FALSE,,,,,,51.56385,-0.12927,"51.56385,-0.12927"
910GWAPPING,Wapping,2,,FALSE,910GWAPPING-Outside,FALSE,,FALSE,,,,,,51.50438,-0.05599,"51.50438,-0.05599"
910GWATFDHS,Watford High Street,8,,TRUE,910GWATFDHS-Outside,FALSE,,FALSE,,,,,,51.65256,-0.39141,"51.65256,-0.39141"
910GWCOMBEP,Westcombe Park,3,,FALSE,910GWCOMBEP-Outside,FALSE,,FALSE,,,,,,51.48323,0.01976,"51.48323,0.01976"
910GWDGRNPK,Woodgrange Park,3|4,,TRUE,910GWDGRNPK-Outside,FALSE,,FALSE,,,,,,51.54919,0.04342,"51.54919,0.04342"
910GWDRYTON,West Drayton,6,,FALSE,910GWDRYTON-Outside,FALSE,,FALSE,,,,,,51.51019,-0.47318,"51.51019,-0.47318"
910GWDST,Wood Street,4,,TRUE,910GWDST-Outside,FALSE,,FALSE,,,,,,51.58669,-0.00273,"51.58669,-0.00273"
910GWEALING,West Ealing,3,,FALSE,910GWEALING-Outside,FALSE,,FALSE,,,,,,51.51417,-0.32047,"51.51417,-0.32047"
910GWHHRTLA,White Hart Lane,3,,TRUE,910GWHHRTLA-Outside,FALSE,,FALSE,,,,,,51.6053,-0.06878,"51.6053,-0.06878"
910GWHMDSTD,West Hampstead,2,HUBWHD,TRUE,910GWHMDSTD-Outside,FALSE,,FALSE,,,,,,51.54747,-0.19116,"51.54747,-0.19116"
910GWHMPSTM,West Hampstead Thameslink,2,HUBWHD,TRUE,910GWHMPSTM-Outside,FALSE,,FALSE,,,,,,51.54846,-0.19107,"51.54846,-0.19107"
910GWIMLCHS,Wimbledon Chase,3,,FALSE,910GWIMLCHS-Outside,FALSE,,FALSE,,,,,,51.40936,-0.21335,"51.40936,-0.21335"
910GWLTHQRD,Walthamstow Queen's Road,3,,FALSE,910GWLTHQRD-Outside,FALSE,,FALSE,,,,,,51.58148,-0.02411,"51.58148,-0.02411"
910GWNDSWRD,Wandsworth Road,2,,FALSE,910GWNDSWRD-Outside,FALSE,,FALSE,,,,,,51.47,-0.13846,"51.47,-0.13846"
910GWNSTDPK,Wanstead Park,3,,FALSE,910GWNSTDPK-Outside,FALSE,,FALSE,,,,,,51.55141,0.02529,"51.55141,0.02529"
910GWSUTTON,West Sutton,5,,FALSE,910GWSUTTON-Outside,FALSE,,FALSE,,,,,,51.36623,-0.20553,"51.36623,-0.20553"
940GZZALGWP,IFS Cloud Greenwich Peninsula,Outside,HUBNGW,FALSE,940GZZALGWP-Outside,FALSE,,FALSE,,Full,,,,51.49986,0.00799,"51.49986,0.00799"
940GZZALRDK,IFS Cloud Royal Docks,Outside,HUBRVC,FALSE,940GZZALRDK-Outside,FALSE,,FALSE,,,,,,51.50809,0.01787,"51.50809,0.01787"
940GZZCRADD,Addiscombe,Trams fare zone,,FALSE,940GZZCRADD-Outside,FALSE,,FALSE,,,,,,51.38015,-0.07336,"51.38015,-0.07336"
940GZZCRADV,Addington Village,Trams fare zone,,FALSE,940GZZCRADV-Outside,FALSE,,FALSE,,,,,,51.35649,-0.0324,"51.35649,-0.0324"
940GZZCRAMP,Ampere Way,Trams fare zone,,FALSE,940GZZCRAMP-Outside,FALSE,,FALSE,,,,,,51.38214,-0.12344,"51.38214,-0.12344"
940GZZCRARA,Arena,Trams fare zone,,FALSE,940GZZCRARA-Outside,FALSE,,FALSE,,,,,,51.38933,-0.05653,"51.38933,-0.05653"
940GZZCRAVE,Avenue Road,Trams fare zone,,FALSE,940GZZCRAVE-Outside,FALSE,,FALSE,,,,,,51.40689,-0.04888,"51.40689,-0.04888"
940GZZCRBED,Beddington Lane,Trams fare zone,,FALSE,940GZZCRBED-Outside,FALSE,,FALSE,,,,,,51.38811,-0.14108,"51.38811,-0.14108"
940GZZCRBGV,Belgrave Walk,Trams fare zone,,FALSE,940GZZCRBGV-Outside,FALSE,,FALSE,,,,,,51.39934,-0.17952,"51.39934,-0.17952"
940GZZCRBLA,Blackhorse Lane,Trams fare zone,,FALSE,940GZZCRBLA-Outside,FALSE,,FALSE,,,,,,51.38568,-0.07174,"51.38568,-0.07174"
940GZZCRBRD,Beckenham Road,Trams fare zone,,FALSE,940GZZCRBRD-Outside,FALSE,,FALSE,,,,,,51.40936,-0.04363,"51.40936,-0.04363"
940GZZCRCEN,George Street,Trams fare zone,,FALSE,940GZZCRCEN-Outside,FALSE,,FALSE,,,,,,51.37398,-0.09875,"51.37398,-0.09875"
940GZZCRCHR,Church Street,Trams fare zone,,FALSE,940GZZCRCHR-Outside,FALSE,,FALSE,,,,,,51.37401,-0.10508,"51.37401,-0.10508"
940GZZCRCOO,Coombe Lane,Trams fare zone,,FALSE,940GZZCRCOO-Outside,FALSE,,FALSE,,,,,,51.35936,-0.05547,"51.35936,-0.05547"
940GZZCRCTR,Centrale,Trams fare zone,,FALSE,940GZZCRCTR-Outside,FALSE,,FALSE,,,,,,51.37586,-0.10377,"51.37586,-0.10377"
940GZZCRDDR,Dundonald Road,Trams fare zone,,FALSE,940GZZCRDDR-Outside,FALSE,,FALSE,,,,,,51.41743,-0.20751,"51.41743,-0.20751"
940GZZCRFLD,Fieldway,Trams fare zone,,FALSE,940GZZCRFLD-Outside,FALSE,,FALSE,,,,,,51.3509,-0.02393,"51.3509,-0.02393"
940GZZCRGRA,Gravel Hill,Trams fare zone,,FALSE,940GZZCRGRA-Outside,FALSE,,FALSE,,,,,,51.35279,-0.03751,"51.35279,-0.03751"
940GZZCRHAR,Harrington Road,Trams fare zone,,FALSE,940GZZCRHAR-Outside,FALSE,,FALSE,,,,,,51.39944,-0.06038,"51.39944,-0.06038"
940GZZCRKGH,King Henry's Drive,Trams fare zone,,FALSE,940GZZCRKGH-Outside,FALSE,,FALSE,,,,,,51.34558,-0.02053,"51.34558,-0.02053"
940GZZCRLEB,Lebanon Road,Trams fare zone,,FALSE,940GZZCRLEB-Outside,FALSE,,FALSE,,,,,,51.37518,-0.08469,"51.37518,-0.08469"
940GZZCRLOY,Lloyd Park,Trams fare zone,,FALSE,940GZZCRLOY-Outside,FALSE,,FALSE,,,,,,51.36424,-0.08178,"51.36424,-0.08178"
940GZZCRMCH,Mitcham,Trams fare zone,,FALSE,940GZZCRMCH-Outside,FALSE,,FALSE,,,,,,51.3974,-0.17289,"51.3974,-0.17289"
940GZZCRMDN,Morden Road,Trams fare zone,,FALSE,940GZZCRMDN-Outside,FALSE,,FALSE,,,,,,51.40929,-0.19239,"51.40929,-0.19239"
940GZZCRMTP,Merton Park,Trams fare zone,,FALSE,940GZZCRMTP-Outside,FALSE,,FALSE,,,,,,51.4148,-0.20143,"51.4148,-0.20143"
940GZZCRNWA,New Addington,Trams fare zone,,FALSE,940GZZCRNWA-Outside,FALSE,,FALSE,,,,,,51.34313,-0.01781,"51.34313,-0.01781"
940GZZCRPHI,Phipps Bridge,Trams fare zone,,FALSE,940GZZCRPHI-Outside,FALSE,,FALSE,,,,,,51.40423,-0.18225,"51.40423,-0.18225"
940GZZCRRVC,Reeves Corner,Trams fare zone,,FALSE,940GZZCRRVC-Outside,FALSE,,FALSE,,,,,,51.37474,-0.10624,"51.37474,-0.10624"
940GZZCRSAN,Sandilands,Trams fare zone,,FALSE,940GZZCRSAN-Outside,FALSE,,FALSE,,,,,,51.37516,-0.07891,"51.37516,-0.07891"
940GZZCRTPA,Therapia Lane,Trams fare zone,,FALSE,940GZZCRTPA-Outside,FALSE,,FALSE,,,,,,51.38597,-0.13089,"51.38597,-0.13089"
940GZZCRWAD,Waddon Marsh,Trams fare zone,,FALSE,940GZZCRWAD-Outside,FALSE,,FALSE,,,,,,51.37668,-0.11835,"51.37668,-0.11835"
940GZZCRWAN,Wandle Park,Trams fare zone,,FALSE,940GZZCRWAN-Outside,FALSE,,FALSE,,,,,,51.37316,-0.1131,"51.37316,-0.1131"
940GZZCRWEL,Wellesley Road,Trams fare zone,,FALSE,940GZZCRWEL-Outside,FALSE,,FALSE,,,,,,51.37537,-0.09755,"51.37537,-0.09755"
940GZZCRWOD,Woodside,Trams fare zone,,FALSE,940GZZCRWOD-Outside,FALSE,,FALSE,,,,,,51.38825,-0.06484,"51.38825,-0.06484"
940GZZDLABR,Abbey Road,2|3,,FALSE,940GZZDLABR-Outside,FALSE,,FALSE,Full,,,,,51.53209,0.00383,"51.53209,0.00383"
940GZZDLALL,All Saints,2,,FALSE,940GZZDLALL-Outside,FALSE,,FALSE,,,,,,51.5112,-0.01311,"51.5112,-0.01311"
940GZZDLBEC,Beckton,3,,FALSE,940GZZDLBEC-Outside,FALSE,,FALSE,,,,,,51.51474,0.06065,"51.51474,0.06065"
940GZZDLBLA,Blackwall,2,,FALSE,940GZZDLBLA-Outside,FALSE,,FALSE,,,,,,51.50827,-0.00713,"51.50827,-0.00713"
940GZZDLBOW,Bow Church,2,,FALSE,940GZZDLBOW-Outside,FALSE,,FALSE,,,,,,51.52781,-0.02094,"51.52781,-0.02094"
940GZZDLBPK,Beckton Park,3,,FALSE,940GZZDLBPK-Outside,FALSE,,FALSE,,,,,,51.50871,0.0549,"51.50871,0.0549"
940GZZDLCLA,Crossharbour,2,,FALSE,940GZZDLCLA-Outside,FALSE,,FALSE,,,,,,51.49592,-0.01414,"51.49592,-0.01414"
HUBCUS,Custom House for ExCel,3,HUBCUS,FALSE,HUBCUS-Outside,FALSE,,FALSE,,,,,,51.50991,0.02548,"51.50991,0.02548"
940GZZDLCYP,Cyprus,3,,FALSE,940GZZDLCYP-Outside,FALSE,,FALSE,,,,,,51.50845,0.06391,"51.50845,0.06391"
940GZZDLDEP,Deptford Bridge,2|3,,FALSE,940GZZDLDEP-Outside,FALSE,,FALSE,,,,,,51.47441,-0.02279,"51.47441,-0.02279"
940GZZDLDEV,Devons Road,2,,FALSE,940GZZDLDEV-Outside,FALSE,,FALSE,,,,,,51.52259,-0.01737,"51.52259,-0.01737"
940GZZDLEIN,East India,2|3,,FALSE,940GZZDLEIN-Outside,FALSE,,FALSE,,,,,,51.51001,-0.00335,"51.51001,-0.00335"
940GZZDLELV,Elverson Road,2|3,,FALSE,940GZZDLELV-Outside,FALSE,,FALSE,,,,,,51.46844,-0.01876,"51.46844,-0.01876"
940GZZDLGAL,Gallions Reach,3,,FALSE,940GZZDLGAL-Outside,FALSE,,FALSE,,,,,,51.50857,0.07249,"51.50857,0.07249"
940GZZDLHEQ,Heron Quays,2,,FALSE,940GZZDLHEQ-Outside,FALSE,,FALSE,,,,,,51.50324,-0.02089,"51.50324,-0.02089"
940GZZDLISL,Island Gardens,2,,FALSE,940GZZDLISL-Outside,FALSE,,FALSE,,,,,,51.48767,-0.01036,"51.48767,-0.01036"
940GZZDLKGV,King George V,3,,FALSE,940GZZDLKGV-Outside,FALSE,,FALSE,,,,,,51.50192,0.06304,"51.50192,0.06304"
940GZZDLLDP,Langdon Park,2,,FALSE,940GZZDLLDP-Outside,FALSE,,FALSE,,,,,,51.51512,-0.01427,"51.51512,-0.01427"
940GZZDLMUD,Mudchute,2,,FALSE,940GZZDLMUD-Outside,FALSE,,FALSE,,,,,,51.49066,-0.01454,"51.49066,-0.01454"
940GZZDLPDK,Pontoon Dock,3,,FALSE,940GZZDLPDK-Outside,FALSE,,FALSE,,,,,,51.50247,0.03329,"51.50247,0.03329"
940GZZDLPOP,Poplar,2,,FALSE,940GZZDLPOP-Outside,FALSE,,FALSE,,,,,,51.50743,-0.01786,"51.50743,-0.01786"
940GZZDLPRE,Prince Regent,3,,FALSE,940GZZDLPRE-Outside,FALSE,,FALSE,,,,,,51.50918,0.03405,"51.50918,0.03405"
940GZZDLPUD,Pudding Mill Lane,2|3,,FALSE,940GZZDLPUD-Outside,FALSE,,FALSE,,,,,,51.53406,-0.01315,"51.53406,-0.01315"
940GZZDLRAL,Royal Albert,3,,FALSE,940GZZDLRAL-Outside,FALSE,,FALSE,,,,,,51.50811,0.04637,"51.50811,0.04637"
940GZZDLRVC,Royal Victoria,3,HUBRVC,FALSE,940GZZDLRVC-Outside,FALSE,,FALSE,,,,,Full,51.50921,0.01863,"51.50921,0.01863"
940GZZDLSHS,Stratford High Street,2|3,,FALSE,940GZZDLSHS-Outside,FALSE,,FALSE,Full,,,,,51.53765,5E-05,"51.53765,5E-05"
940GZZDLSIT,Stratford International,2|3,,FALSE,940GZZDLSIT-Outside,FALSE,,FALSE,Full,,Partial,,,51.54583,-0.00855,"51.54583,-0.00855"
940GZZDLSOQ,South Quay,2,,FALSE,940GZZDLSOQ-Outside,FALSE,,FALSE,,,,,,51.50005,-0.01597,"51.50005,-0.01597"
940GZZDLSTL,Star Lane,2|3,,FALSE,940GZZDLSTL-Outside,FALSE,,FALSE,Full,,Partial,,,51.52072,0.00454,"51.52072,0.00454"
940GZZDLWFE,Westferry,2,,FALSE,940GZZDLWFE-Outside,FALSE,,FALSE,,Full,,,,51.50899,-0.02674,"51.50899,-0.02674"
940GZZDLWIQ,West India Quay,2,,FALSE,940GZZDLWIQ-Outside,FALSE,,FALSE,,,,,,51.50698,-0.0204,"51.50698,-0.0204"
940GZZDLWSV,West Silvertown,3,,FALSE,940GZZDLWSV-Outside,FALSE,,FALSE,,,,,,51.50287,0.02337,"51.50287,0.02337"
940GZZLUACT,Acton Town,3,,TRUE,940GZZLUACT-Outside,FALSE,,FALSE,,,,,,51.50301,-0.28042,"51.50301,-0.28042"
940GZZLUACY,Archway,2|3,,TRUE,940GZZLUACY-Outside,FALSE,,FALSE,,,,,,51.56524,-0.13476,"51.56524,-0.13476"
940GZZLUADE,Aldgate East,1,,TRUE,940GZZLUADE-Outside,FALSE,,FALSE,,,,,,51.5153,-0.07208,"51.5153,-0.07208"
940GZZLUAGL,Angel,1,,TRUE,940GZZLUAGL-Outside,FALSE,,FALSE,,,,,,51.53279,-0.10599,"51.53279,-0.10599"
940GZZLUALD,Aldgate,1,,TRUE,940GZZLUALD-Outside,FALSE,,FALSE,,,,,,51.51405,-0.07528,"51.51405,-0.07528"
940GZZLUALP,Alperton,4,,TRUE,940GZZLUALP-Outside,FALSE,,FALSE,,,,,,51.54063,-0.29913,"51.54063,-0.29913"
940GZZLUASG,Arnos Grove,4,,TRUE,940GZZLUASG-Outside,FALSE,,FALSE,,,,,,51.61606,-0.1334,"51.61606,-0.1334"
940GZZLUASL,Arsenal,2,,TRUE,940GZZLUASL-Outside,FALSE,,FALSE,,,,,,51.5584,-0.10568,"51.5584,-0.10568"
940GZZLUBBB,Bromley-by-Bow,2|3,,TRUE,940GZZLUBBB-Outside,FALSE,,FALSE,,,,,,51.52473,-0.01144,"51.52473,-0.01144"
940GZZLUBBN,Barbican,1,,TRUE,940GZZLUBBN-Outside,FALSE,,FALSE,,,,,,51.52031,-0.09753,"51.52031,-0.09753"
940GZZLUBDS,Bounds Green,3|4,,TRUE,940GZZLUBDS-Outside,FALSE,,FALSE,,,,,,51.60693,-0.12456,"51.60693,-0.12456"
940GZZLUBEC,Becontree,5,,TRUE,940GZZLUBEC-Outside,FALSE,,FALSE,,,,,,51.5404,0.12751,"51.5404,0.12751"
940GZZLUBKE,Barkingside,4,,TRUE,940GZZLUBKE-Outside,TRUE,2,FALSE,,,,,,51.58581,0.0885,"51.58581,0.0885"
940GZZLUBKH,Buckhurst Hill,5,,TRUE,940GZZLUBKH-Outside,TRUE,,FALSE,,,,,,51.62662,0.04653,"51.62662,0.04653"
940GZZLUBLG,Bethnal Green,2,,TRUE,940GZZLUBLG-Outside,FALSE,,FALSE,,,,,,51.52732,-0.05527,"51.52732,-0.05527"
940GZZLUBMY,Bermondsey,2,,TRUE,940GZZLUBMY-Outside,FALSE,,FALSE,,,,,,51.49814,-0.06363,"51.49814,-0.06363"
HUBBDS,Bond Street,1,HUBBDS,FALSE,HUBBDS-Outside,FALSE,,FALSE,,,,,,51.51439,-0.1489,"51.51439,-0.1489"
940GZZLUBOR,Borough,1,,TRUE,940GZZLUBOR-Outside,FALSE,,FALSE,,,,,,51.50123,-0.0934,"51.50123,-0.0934"
940GZZLUBOS,Boston Manor,4,,TRUE,940GZZLUBOS-Outside,FALSE,,FALSE,,,,,,51.49585,-0.32446,"51.49585,-0.32446"
940GZZLUBSC,Barons Court,2,,TRUE,940GZZLUBSC-Outside,FALSE,,FALSE,,,,,,51.49037,-0.21355,"51.49037,-0.21355"
940GZZLUBST,Baker Street,1,,TRUE,940GZZLUBST-Outside,FALSE,,FALSE,,,,,,51.52246,-0.15695,"51.52246,-0.15695"
940GZZLUBTK,Burnt Oak,4,,TRUE,940GZZLUBTK-Outside,FALSE,,FALSE,,,,,,51.60259,-0.26398,"51.60259,-0.26398"
940GZZLUBTX,Brent Cross,3,,TRUE,940GZZLUBTX-Outside,FALSE,,FALSE,,,,,,51.57674,-0.21319,"51.57674,-0.21319"
940GZZLUBWR,Bow Road,2,,FALSE,940GZZLUBWR-Outside,FALSE,,FALSE,,,,,,51.52712,-0.02501,"51.52712,-0.02501"
940GZZLUBWT,Bayswater,1,,TRUE,940GZZLUBWT-Outside,FALSE,,FALSE,,,,,,51.51239,-0.18769,"51.51239,-0.18769"
940GZZLUBZP,Belsize Park,2,,TRUE,940GZZLUBZP-Outside,FALSE,,FALSE,,,,,,51.55041,-0.16447,"51.55041,-0.16447"
940GZZLUCAR,Caledonian Road,2,,TRUE,940GZZLUCAR-Outside,FALSE,,FALSE,,,,,,51.54857,-0.11812,"51.54857,-0.11812"
940GZZLUCFM,Chalk Farm,2,,TRUE,940GZZLUCFM-Outside,FALSE,,FALSE,,,,,,51.54395,-0.15351,"51.54395,-0.15351"
940GZZLUCGN,Covent Garden,1,,TRUE,940GZZLUCGN-Outside,FALSE,,FALSE,,,,,,51.51307,-0.12423,"51.51307,-0.12423"
940GZZLUCHL,Chancery Lane,1,,TRUE,940GZZLUCHL-Outside,FALSE,,FALSE,,,,,,51.51818,-0.11111,"51.51818,-0.11111"
940GZZLUCKS,Cockfosters,5,,TRUE,940GZZLUCKS-Outside,FALSE,,FALSE,,,,,,51.65155,-0.14981,"51.65155,-0.14981"
940GZZLUCND,Colindale,4,,TRUE,940GZZLUCND-Outside,FALSE,,FALSE,,,,,,51.59533,-0.24992,"51.59533,-0.24992"
940GZZLUCPC,Clapham Common,2,,TRUE,940GZZLUCPC-Outside,FALSE,,FALSE,,,,,,51.46181,-0.13847,"51.46181,-0.13847"
940GZZLUCPK,Canons Park,5,,TRUE,940GZZLUCPK-Outside,FALSE,,FALSE,,,,,,51.60756,-0.29444,"51.60756,-0.29444"
940GZZLUCPN,Clapham North,2,,TRUE,940GZZLUCPN-Outside,FALSE,,FALSE,,,,,,51.46518,-0.12955,"51.46518,-0.12955"
940GZZLUCPS,Clapham South,2|3,,TRUE,940GZZLUCPS-Outside,FALSE,,FALSE,,,,,,51.4529,-0.14767,"51.4529,-0.14767"
940GZZLUCSD,Colliers Wood,3,,TRUE,940GZZLUCSD-Outside,FALSE,,FALSE,,,,,,51.41805,-0.17819,"51.41805,-0.17819"
940GZZLUCSM,Chesham,9,,TRUE,940GZZLUCSM-Outside,TRUE,4,FALSE,,,,,,51.7055,-0.61105,"51.7055,-0.61105"
940GZZLUCTN,Camden Town,2,,TRUE,940GZZLUCTN-Outside,FALSE,,FALSE,,,,,,51.5393,-0.14249,"51.5393,-0.14249"
940GZZLUCWL,Chigwell,4,,TRUE,940GZZLUCWL-Outside,FALSE,,FALSE,,,,,,51.61784,0.0743,"51.61784,0.0743"
940GZZLUCWP,Chiswick Park,3,,TRUE,940GZZLUCWP-Outside,FALSE,,FALSE,,,,,,51.49434,-0.26804,"51.49434,-0.26804"
940GZZLUCXY,Croxley,7,,TRUE,940GZZLUCXY-Outside,FALSE,,FALSE,,,,,,51.64696,-0.44127,"51.64696,-0.44127"
940GZZLUDBN,Debden,6,,TRUE,940GZZLUDBN-Outside,TRUE,3,TRUE,,,,,,51.64554,0.08385,"51.64554,0.08385"
940GZZLUDGE,Dagenham East,5,,TRUE,940GZZLUDGE-Outside,FALSE,,FALSE,,,,,,51.54423,0.16601,"51.54423,0.16601"
940GZZLUDGY,Dagenham Heathway,5,,TRUE,940GZZLUDGY-Outside,FALSE,,FALSE,,,,,,51.54176,0.14778,"51.54176,0.14778"
940GZZLUDOH,Dollis Hill,3,,FALSE,940GZZLUDOH-Outside,FALSE,,FALSE,,,,,,51.55151,-0.23917,"51.55151,-0.23917"
940GZZLUEAE,Eastcote,5,,FALSE,940GZZLUEAE-Outside,FALSE,,FALSE,,,,,,51.57645,-0.39725,"51.57645,-0.39725"
940GZZLUEAN,East Acton,2,,TRUE,940GZZLUEAN-Outside,FALSE,,FALSE,,,,,,51.51659,-0.24749,"51.51659,-0.24749"
940GZZLUECM,Ealing Common,3,,TRUE,940GZZLUECM-Outside,FALSE,,FALSE,,,,,,51.51032,-0.28817,"51.51032,-0.28817"
940GZZLUECT,Earl's Court,1|2,,TRUE,940GZZLUECT-Outside,FALSE,,FALSE,,,,,,51.4922,-0.19319,"51.4922,-0.19319"
940GZZLUEFY,East Finchley,3,,TRUE,940GZZLUEFY-Outside,FALSE,,FALSE,,,,,,51.58704,-0.16428,"51.58704,-0.16428"
940GZZLUEGW,Edgware,5,,TRUE,940GZZLUEGW-Outside,FALSE,,TRUE,,,,,,51.61366,-0.27582,"51.61366,-0.27582"
940GZZLUEHM,East Ham,3|4,,TRUE,940GZZLUEHM-Outside,FALSE,,FALSE,,,,,,51.53929,0.05127,"51.53929,0.05127"
940GZZLUEMB,Embankment,1,,TRUE,940GZZLUEMB-Outside,FALSE,,FALSE,,,,,,51.50697,-0.12191,"51.50697,-0.12191"
940GZZLUEPG,Epping,6,,TRUE,940GZZLUEPG-Outside,TRUE,6,FALSE,,,,,,51.69373,0.11368,"51.69373,0.11368"
940GZZLUEPK,Elm Park,6,,TRUE,940GZZLUEPK-Outside,FALSE,,TRUE,,,,,,51.54992,0.19922,"51.54992,0.19922"
940GZZLUEPY,East Putney,2|3,,TRUE,940GZZLUEPY-Outside,FALSE,,FALSE,,,,,,51.45916,-0.21074,"51.45916,-0.21074"
940GZZLUERB,Edgware Road,1,,TRUE,940GZZLUERB-Outside,FALSE,,FALSE,,,,,,51.52021,-0.17027,"51.52021,-0.17027"
940GZZLUERC,Edgware Road,1,,TRUE,940GZZLUERC-Outside,FALSE,,FALSE,,,,,,51.51967,-0.16803,"51.51967,-0.16803"
940GZZLUESQ,Euston Square,1,,TRUE,940GZZLUESQ-Outside,FALSE,,FALSE,,,,,,51.5256,-0.13577,"51.5256,-0.13577"
940GZZLUFBY,Fulham Broadway,2,,TRUE,940GZZLUFBY-Outside,FALSE,,FALSE,,,,,,51.4801,-0.19541,"51.4801,-0.19541"
940GZZLUFLP,Fairlop,4,,TRUE,940GZZLUFLP-Outside,FALSE,,FALSE,,,,,,51.59557,0.09071,"51.59557,0.09071"
940GZZLUFYC,Finchley Central,4,,TRUE,940GZZLUFYC-Outside,TRUE,6,FALSE,,,,,,51.60109,-0.19235,"51.60109,-0.19235"
940GZZLUFYR,Finchley Road,2,,FALSE,940GZZLUFYR-Outside,FALSE,,FALSE,,,,,,51.54685,-0.17956,"51.54685,-0.17956"
940GZZLUGDG,Goodge Street,1,,TRUE,940GZZLUGDG-Outside,FALSE,,FALSE,,,,,,51.52067,-0.1345,"51.52067,-0.1345"
940GZZLUGGH,Grange Hill,4,,TRUE,940GZZLUGGH-Outside,FALSE,,FALSE,,,,,,51.61348,0.09185,"51.61348,0.09185"
940GZZLUGGN,Golders Green,3,,TRUE,940GZZLUGGN-Outside,FALSE,,FALSE,,,,,,51.57203,-0.19441,"51.57203,-0.19441"
940GZZLUGHK,Goldhawk Road,2,,TRUE,940GZZLUGHK-Outside,FALSE,,FALSE,,,,,,51.50197,-0.22647,"51.50197,-0.22647"
940GZZLUGPK,Green Park,1,,TRUE,940GZZLUGPK-Outside,FALSE,,FALSE,,,,,,51.50684,-0.14283,"51.50684,-0.14283"
940GZZLUGPS,Great Portland Street,1,,TRUE,940GZZLUGPS-Outside,FALSE,,FALSE,,,,,,51.52374,-0.1437,"51.52374,-0.1437"
940GZZLUGTH,Gants Hill,4,,TRUE,940GZZLUGTH-Outside,FALSE,,FALSE,,,,,,51.57659,0.06684,"51.57659,0.06684"
940GZZLUGTR,Gloucester Road,1,,TRUE,940GZZLUGTR-Outside,FALSE,,FALSE,,,,,,51.49433,-0.18259,"51.49433,-0.18259"
940GZZLUHBN,Holborn,1,,TRUE,940GZZLUHBN-Outside,FALSE,,FALSE,,,,,,51.51736,-0.11999,"51.51736,-0.11999"
940GZZLUHBT,High Barnet,5,,TRUE,940GZZLUHBT-Outside,TRUE,5,FALSE,,,,,,51.65047,-0.19442,"51.65047,-0.19442"
940GZZLUHCH,Hornchurch,6,,TRUE,940GZZLUHCH-Outside,FALSE,,FALSE,,,,,,51.5541,0.21925,"51.5541,0.21925"
940GZZLUHCL,Hendon Central,3|4,,TRUE,940GZZLUHCL-Outside,FALSE,,FALSE,,,,,,51.58298,-0.22694,"51.58298,-0.22694"
940GZZLUHGD,Hillingdon,6,,TRUE,940GZZLUHGD-Outside,TRUE,6,FALSE,,,,,,51.55372,-0.44813,"51.55372,-0.44813"
940GZZLUHGR,Hanger Lane,3,,FALSE,940GZZLUHGR-Outside,FALSE,,FALSE,,,,,,51.53013,-0.29275,"51.53013,-0.29275"
940GZZLUHGT,Highgate,3,,TRUE,940GZZLUHGT-Outside,FALSE,,FALSE,,,,,,51.57759,-0.14598,"51.57759,-0.14598"
940GZZLUHLT,Hainault,4,,TRUE,940GZZLUHLT-Outside,TRUE,4,FALSE,,,,,,51.60392,0.09312,"51.60392,0.09312"
940GZZLUHNX,Hatton Cross,5|6,,TRUE,940GZZLUHNX-Outside,FALSE,,FALSE,,,,,,51.46695,-0.42293,"51.46695,-0.42293"
940GZZLUHPC,Hyde Park Corner,1,,TRUE,940GZZLUHPC-Outside,FALSE,,FALSE,,,,,,51.50307,-0.15277,"51.50307,-0.15277"
940GZZLUHPK,Holland Park,2,,TRUE,940GZZLUHPK-Outside,FALSE,,FALSE,,,,,,51.50728,-0.20562,"51.50728,-0.20562"
940GZZLUHSK,High Street Kensington,1,,TRUE,940GZZLUHSK-Outside,FALSE,,FALSE,,,,,,51.50103,-0.19292,"51.50103,-0.19292"
940GZZLUHTD,Hampstead,2|3,,TRUE,940GZZLUHTD-Outside,FALSE,,FALSE,,,,,,51.55663,-0.17836,"51.55663,-0.17836"
940GZZLUHWC,Hounslow Central,4,,TRUE,940GZZLUHWC-Outside,FALSE,,FALSE,,,,,,51.4712,-0.36701,"51.4712,-0.36701"
940GZZLUHWE,Hounslow East,4,,TRUE,940GZZLUHWE-Outside,TRUE,2,FALSE,,,,,,51.47331,-0.3568,"51.47331,-0.3568"
940GZZLUHWT,Hounslow West,5,,TRUE,940GZZLUHWT-Outside,TRUE,10,FALSE,,,,,,51.47305,-0.38564,"51.47305,-0.38564"
940GZZLUHWY,Holloway Road,2,,TRUE,940GZZLUHWY-Outside,FALSE,,FALSE,,,,,,51.5529,-0.11274,"51.5529,-0.11274"
940GZZLUICK,Ickenham,6,,TRUE,940GZZLUICK-Outside,FALSE,,FALSE,,,,,,51.56202,-0.4419,"51.56202,-0.4419"
940GZZLUKBN,Kilburn,2,,TRUE,940GZZLUKBN-Outside,FALSE,,FALSE,,,,,,51.54693,-0.20409,"51.54693,-0.20409"
940GZZLUKBY,Kingsbury,4,,TRUE,940GZZLUKBY-Outside,FALSE,,FALSE,,,,,,51.58498,-0.2787,"51.58498,-0.2787"
940GZZLUKNB,Knightsbridge,1,,TRUE,940GZZLUKNB-Outside,FALSE,,FALSE,,,,,,51.49991,-0.16261,"51.49991,-0.16261"
940GZZLUKNG,Kennington,1|2,,TRUE,940GZZLUKNG-Outside,FALSE,,FALSE,,,,,,51.48834,-0.1058,"51.48834,-0.1058"
940GZZLUKPK,Kilburn Park,2,,TRUE,940GZZLUKPK-Outside,FALSE,,FALSE,,,,,,51.53505,-0.19358,"51.53505,-0.19358"
940GZZLULAD,Ladbroke Grove,2,,TRUE,940GZZLULAD-Outside,FALSE,,FALSE,,,,,,51.51742,-0.21007,"51.51742,-0.21007"
940GZZLULBN,Lambeth North,1,,TRUE,940GZZLULBN-Outside,FALSE,,FALSE,,,,,,51.49885,-0.11221,"51.49885,-0.11221"
940GZZLULGN,Loughton,6,,TRUE,940GZZLULGN-Outside,FALSE,,FALSE,,,,,,51.64175,0.0551,"51.64175,0.0551"
940GZZLULGT,Lancaster Gate,1,,TRUE,940GZZLULGT-Outside,FALSE,,FALSE,,,,,,51.51168,-0.17542,"51.51168,-0.17542"
940GZZLULRD,Latimer Road,2,,TRUE,940GZZLULRD-Outside,FALSE,,FALSE,,,,,,51.5137,-0.21763,"51.5137,-0.21763"
940GZZLULSQ,Leicester Square,1,,TRUE,940GZZLULSQ-Outside,FALSE,,FALSE,,,,,,51.51173,-0.12822,"51.51173,-0.12822"
940GZZLULYN,Leyton,3,,TRUE,940GZZLULYN-Outside,FALSE,,FALSE,,,,,,51.55649,-0.00582,"51.55649,-0.00582"
940GZZLULYS,Leytonstone,3|4,,TRUE,940GZZLULYS-Outside,FALSE,,FALSE,,,,,,51.56836,0.00719,"51.56836,0.00719"
940GZZLUMBA,Marble Arch,1,,TRUE,940GZZLUMBA-Outside,FALSE,,FALSE,,,,,,51.5135,-0.15845,"51.5135,-0.15845"
940GZZLUMDN,Morden,4,,TRUE,940GZZLUMDN-Outside,FALSE,,FALSE,,,,,,51.40203,-0.19469,"51.40203,-0.19469"
940GZZLUMED,Mile End,2,,TRUE,940GZZLUMED-Outside,FALSE,,FALSE,,,,,,51.52525,-0.0334,"51.52525,-0.0334"
940GZZLUMHL,Mill Hill East,4,,TRUE,940GZZLUMHL-Outside,FALSE,,FALSE,,,,,,51.60827,-0.20977,"51.60827,-0.20977"
940GZZLUMMT,Monument,1,,TRUE,940GZZLUMMT-Outside,FALSE,,FALSE,,,,,,51.51051,-0.08596,"51.51051,-0.08596"
940GZZLUMPK,Moor Park,6|7,,TRUE,940GZZLUMPK-Outside,FALSE,,FALSE,,,,,,51.62967,-0.43273,"51.62967,-0.43273"
940GZZLUMRH,Manor House,2|3,,TRUE,940GZZLUMRH-Outside,FALSE,,FALSE,,,,,,51.57094,-0.09566,"51.57094,-0.09566"
940GZZLUMSH,Mansion House,1,,TRUE,940GZZLUMSH-Outside,FALSE,,FALSE,,,,,,51.51216,-0.09389,"51.51216,-0.09389"
940GZZLUMTC,Mornington Crescent,2,,TRUE,940GZZLUMTC-Outside,FALSE,,FALSE,,,,,,51.53413,-0.13913,"51.53413,-0.13913"
940GZZLUMVL,Maida Vale,2,,TRUE,940GZZLUMVL-Outside,FALSE,,FALSE,,,,,,51.52981,-0.18587,"51.52981,-0.18587"
940GZZLUNAN,North Acton,2|3,,TRUE,940GZZLUNAN-Outside,FALSE,,FALSE,,,,,,51.52346,-0.25976,"51.52346,-0.25976"
940GZZLUNBP,Newbury Park,4,,TRUE,940GZZLUNBP-Outside,TRUE,6,TRUE,,,,,,51.57556,0.09065,"51.57556,0.09065"
940GZZLUNDN,Neasden,3,,TRUE,940GZZLUNDN-Outside,FALSE,,FALSE,,,,,,51.55402,-0.24976,"51.55402,-0.24976"
940GZZLUNEN,North Ealing,3,,TRUE,940GZZLUNEN-Outside,FALSE,,FALSE,,,,,,51.51755,-0.28915,"51.51755,-0.28915"
940GZZLUNFD,Northfields,3,,TRUE,940GZZLUNFD-Outside,FALSE,,FALSE,,,,,,51.49927,-0.31455,"51.49927,-0.31455"
940GZZLUNGW,North Greenwich,2|3,HUBNGW,TRUE,940GZZLUNGW-Outside,TRUE,19,TRUE,Full,Full,,,Full,51.50007,0.00313,"51.50007,0.00313"
940GZZLUNHA,North Harrow,5,,TRUE,940GZZLUNHA-Outside,FALSE,,FALSE,,,,,,51.58492,-0.36202,"51.58492,-0.36202"
940GZZLUNHG,Notting Hill Gate,1|2,,TRUE,940GZZLUNHG-Outside,FALSE,,FALSE,,,,,,51.50893,-0.19656,"51.50893,-0.19656"
940GZZLUNHT,Northolt,5,,TRUE,940GZZLUNHT-Outside,FALSE,,FALSE,,,,,,51.54819,-0.36807,"51.54819,-0.36807"
940GZZLUNKP,Northwick Park,4,,TRUE,940GZZLUNKP-Outside,FALSE,,FALSE,,,,,,51.57871,-0.31818,"51.57871,-0.31818"
940GZZLUNOW,Northwood,6,,TRUE,940GZZLUNOW-Outside,FALSE,,FALSE,,,,,,51.61116,-0.4237,"51.61116,-0.4237"
940GZZLUNWH,Northwood Hills,6,,TRUE,940GZZLUNWH-Outside,FALSE,,FALSE,,,,,,51.60078,-0.40947,"51.60078,-0.40947"
940GZZLUOAK,Oakwood,5,,TRUE,940GZZLUOAK-Outside,TRUE,6,FALSE,,,,,,51.64763,-0.13209,"51.64763,-0.13209"
940GZZLUOSY,Osterley,4,,TRUE,940GZZLUOSY-Outside,FALSE,,FALSE,,,,,,51.48089,-0.35162,"51.48089,-0.35162"
940GZZLUOVL,Oval,2,,TRUE,940GZZLUOVL-Outside,FALSE,,FALSE,,,,,,51.48193,-0.11249,"51.48193,-0.11249"
940GZZLUOXC,Oxford Circus,1,,TRUE,940GZZLUOXC-Outside,FALSE,,FALSE,,,,,,51.51512,-0.14192,"51.51512,-0.14192"
940GZZLUPCC,Piccadilly Circus,1,,TRUE,940GZZLUPCC-Outside,FALSE,,FALSE,,,,,,51.50955,-0.13455,"51.50955,-0.13455"
940GZZLUPCO,Pimlico,1,,TRUE,940GZZLUPCO-Outside,FALSE,,FALSE,,,,,,51.48929,-0.13372,"51.48929,-0.13372"
940GZZLUPKR,Park Royal,3,,TRUE,940GZZLUPKR-Outside,FALSE,,FALSE,,,,,,51.52709,-0.28465,"51.52709,-0.28465"
940GZZLUPLW,Plaistow,3,,TRUE,940GZZLUPLW-Outside,FALSE,,FALSE,,,,,,51.53128,0.01804,"51.53128,0.01804"
940GZZLUPNR,Pinner,5,,TRUE,940GZZLUPNR-Outside,FALSE,,FALSE,,,,,,51.59301,-0.3811,"51.59301,-0.3811"
940GZZLUPRD,Preston Road,4,,TRUE,940GZZLUPRD-Outside,FALSE,,FALSE,,,,,,51.57178,-0.29487,"51.57178,-0.29487"
940GZZLUPSG,Parsons Green,2,,TRUE,940GZZLUPSG-Outside,FALSE,,FALSE,,,,,,51.47535,-0.20088,"51.47535,-0.20088"
940GZZLUPVL,Perivale,4,,TRUE,940GZZLUPVL-Outside,FALSE,,FALSE,,,,,,51.53677,-0.32401,"51.53677,-0.32401"
940GZZLUPYB,Putney Bridge,2,,FALSE,940GZZLUPYB-Outside,FALSE,,FALSE,,,,,,51.46794,-0.20916,"51.46794,-0.20916"
940GZZLUQBY,Queensbury,4,,TRUE,940GZZLUQBY-Outside,FALSE,,FALSE,,,,,,51.5941,-0.28552,"51.5941,-0.28552"
940GZZLUQWY,Queensway,1,,TRUE,940GZZLUQWY-Outside,FALSE,,FALSE,,,,,,51.51062,-0.18717,"51.51062,-0.18717"
940GZZLURBG,Redbridge,4,,TRUE,940GZZLURBG-Outside,FALSE,,FALSE,,,,,,51.57628,0.04556,"51.57628,0.04556"
940GZZLURGP,Regent's Park,1,,TRUE,940GZZLURGP-Outside,FALSE,,FALSE,,,,,,51.52359,-0.14671,"51.52359,-0.14671"
940GZZLURSG,Ruislip Gardens,5,,FALSE,940GZZLURSG-Outside,FALSE,,FALSE,,,,,,51.5606,-0.4111,"51.5606,-0.4111"
940GZZLURSM,Ruislip Manor,6,,TRUE,940GZZLURSM-Outside,FALSE,,FALSE,,,,,,51.57315,-0.41292,"51.57315,-0.41292"
940GZZLURSP,Ruislip,6,,TRUE,940GZZLURSP-Outside,TRUE,4,FALSE,,,,,,51.57158,-0.42133,"51.57158,-0.42133"
940GZZLURSQ,Russell Square,1,,TRUE,940GZZLURSQ-Outside,FALSE,,FALSE,,,,,,51.52318,-0.12435,"51.52318,-0.12435"
940GZZLURVP,Ravenscourt Park,2,,TRUE,940GZZLURVP-Outside,FALSE,,FALSE,,,,,,51.49406,-0.23656,"51.49406,-0.23656"
940GZZLURVY,Roding Valley,4,,TRUE,940GZZLURVY-Outside,FALSE,,FALSE,,,,,,51.61734,0.04355,"51.61734,0.04355"
940GZZLURYL,Rayners Lane,5,,TRUE,940GZZLURYL-Outside,TRUE,6,FALSE,,,,,,51.57495,-0.37076,"51.57495,-0.37076"
940GZZLURYO,Royal Oak,2,,TRUE,940GZZLURYO-Outside,FALSE,,FALSE,,,,,,51.51911,-0.18878,"51.51911,-0.18878"
940GZZLUSBM,Shepherd's Bush Market,2,,TRUE,940GZZLUSBM-Outside,FALSE,,FALSE,,,,,,51.5057,-0.22627,"51.5057,-0.22627"
940GZZLUSEA,South Ealing,3,,TRUE,940GZZLUSEA-Outside,FALSE,,FALSE,,,,,,51.50138,-0.30685,"51.50138,-0.30685"
940GZZLUSFB,Stamford Brook,2,,TRUE,940GZZLUSFB-Outside,FALSE,,FALSE,,,,,,51.49495,-0.24497,"51.49495,-0.24497"
940GZZLUSFS,Southfields,3,,TRUE,940GZZLUSFS-Outside,FALSE,,TRUE,,,,,,51.44486,-0.20654,"51.44486,-0.20654"
940GZZLUSGN,Stepney Green,2,,TRUE,940GZZLUSGN-Outside,FALSE,,FALSE,,,,,,51.5218,-0.04661,"51.5218,-0.04661"
940GZZLUSGT,Southgate,4,,TRUE,940GZZLUSGT-Outside,FALSE,,FALSE,,,,,,51.63232,-0.12806,"51.63232,-0.12806"
940GZZLUSHH,South Harrow,5,,TRUE,940GZZLUSHH-Outside,FALSE,,FALSE,,,,,,51.56491,-0.35259,"51.56491,-0.35259"
940GZZLUSJP,St James's Park,1,,TRUE,940GZZLUSJP-Outside,FALSE,,FALSE,,,,,,51.49964,-0.13365,"51.49964,-0.13365"
940GZZLUSJW,St John's Wood,2,,TRUE,940GZZLUSJW-Outside,FALSE,,FALSE,,,,,,51.53454,-0.17415,"51.53454,-0.17415"
940GZZLUSKS,South Kensington,1,,TRUE,940GZZLUSKS-Outside,FALSE,,FALSE,,,,,,51.49407,-0.1741,"51.49407,-0.1741"
940GZZLUSKW,Stockwell,2,,TRUE,940GZZLUSKW-Outside,FALSE,,FALSE,,,,,,51.47225,-0.12266,"51.47225,-0.12266"
940GZZLUSNB,Snaresbrook,4,,TRUE,940GZZLUSNB-Outside,FALSE,,FALSE,,,,,,51.58103,0.02143,"51.58103,0.02143"
940GZZLUSPU,St Paul's,1,,TRUE,940GZZLUSPU-Outside,FALSE,,FALSE,,,,,,51.51494,-0.09758,"51.51494,-0.09758"
940GZZLUSSQ,Sloane Square,1,,TRUE,940GZZLUSSQ-Outside,FALSE,,FALSE,,,,,,51.49249,-0.15663,"51.49249,-0.15663"
940GZZLUSTM,Stanmore,5,,TRUE,940GZZLUSTM-Outside,TRUE,6,FALSE,,,,,,51.61973,-0.30317,"51.61973,-0.30317"
940GZZLUSUH,Sudbury Hill,4,,TRUE,940GZZLUSUH-Outside,FALSE,,FALSE,,,,,,51.55701,-0.33607,"51.55701,-0.33607"
940GZZLUSUT,Sudbury Town,4,,TRUE,940GZZLUSUT-Outside,TRUE,3,FALSE,,,,,,51.55095,-0.31558,"51.55095,-0.31558"
940GZZLUSWC,Swiss Cottage,2,,TRUE,940GZZLUSWC-Outside,FALSE,,FALSE,,,,,,51.5433,-0.1744,"51.5433,-0.1744"
940GZZLUSWF,South Woodford,4,,TRUE,940GZZLUSWF-Outside,TRUE,4,TRUE,,,,,,51.59193,0.02769,"51.59193,0.02769"
940GZZLUSWK,Southwark,1,,TRUE,940GZZLUSWK-Outside,FALSE,,FALSE,,,,,,51.50375,-0.10469,"51.50375,-0.10469"
940GZZLUSWN,South Wimbledon,3|4,,TRUE,940GZZLUSWN-Outside,FALSE,,FALSE,,,,,,51.41527,-0.19251,"51.41527,-0.19251"
940GZZLUTAW,Totteridge & Whetstone,4,,TRUE,940GZZLUTAW-Outside,FALSE,,FALSE,,,,,,51.63018,-0.17928,"51.63018,-0.17928"
940GZZLUTBC,Tooting Bec,3,,TRUE,940GZZLUTBC-Outside,FALSE,,FALSE,,,,,,51.43576,-0.15972,"51.43576,-0.15972"
940GZZLUTBY,Tooting Broadway,3,,TRUE,940GZZLUTBY-Outside,FALSE,,FALSE,,,,,,51.42793,-0.16809,"51.42793,-0.16809"
940GZZLUTFP,Tufnell Park,2,,TRUE,940GZZLUTFP-Outside,FALSE,,FALSE,,,,,,51.55672,-0.13816,"51.55672,-0.13816"
940GZZLUTHB,Theydon Bois,6,,TRUE,940GZZLUTHB-Outside,TRUE,3,FALSE,,,,,,51.67137,0.10289,"51.67137,0.10289"
940GZZLUTMP,Temple,1,,TRUE,940GZZLUTMP-Outside,FALSE,,FALSE,,,,,,51.51101,-0.11397,"51.51101,-0.11397"
940GZZLUTNG,Turnham Green,2|3,,TRUE,940GZZLUTNG-Outside,FALSE,,FALSE,,,,,,51.49538,-0.25521,"51.49538,-0.25521"
940GZZLUTPN,Turnpike Lane,3,,TRUE,940GZZLUTPN-Outside,FALSE,,FALSE,,,,,,51.59057,-0.10262,"51.59057,-0.10262"
940GZZLUTWH,Tower Hill,1,,TRUE,940GZZLUTWH-Outside,FALSE,,FALSE,,Full,,,,51.5102,-0.07681,"51.5102,-0.07681"
940GZZLUUPB,Upminster Bridge,6,,TRUE,940GZZLUUPB-Outside,FALSE,,FALSE,,,,,,51.55901,0.23587,"51.55901,0.23587"
940GZZLUUPK,Upton Park,3,,TRUE,940GZZLUUPK-Outside,FALSE,,FALSE,,,,,,51.53548,0.03521,"51.53548,0.03521"
940GZZLUUPY,Upney,4,,TRUE,940GZZLUUPY-Outside,FALSE,,FALSE,,,,,,51.53849,0.10156,"51.53849,0.10156"
940GZZLUUXB,Uxbridge,6,,TRUE,940GZZLUUXB-Outside,FALSE,,FALSE,,,,,,51.54605,-0.47922,"51.54605,-0.47922"
940GZZLUWAF,Watford,7,,FALSE,940GZZLUWAF-Outside,FALSE,,FALSE,,,,,,51.65765,-0.41769,"51.65765,-0.41769"
940GZZLUWCY,White City,2,,TRUE,940GZZLUWCY-Outside,FALSE,,FALSE,,,,,,51.51196,-0.22474,"51.51196,-0.22474"
940GZZLUWFN,West Finchley,4,,TRUE,940GZZLUWFN-Outside,FALSE,,FALSE,,,,,,51.60958,-0.18863,"51.60958,-0.18863"
940GZZLUWHP,West Hampstead,2,HUBWHD,TRUE,940GZZLUWHP-Outside,FALSE,,FALSE,,,,,,51.54677,-0.19102,"51.54677,-0.19102"
940GZZLUWHW,West Harrow,5,,TRUE,940GZZLUWHW-Outside,FALSE,,FALSE,,,,,,51.58015,-0.35312,"51.58015,-0.35312"
940GZZLUWIG,Willesden Green,2|3,,TRUE,940GZZLUWIG-Outside,FALSE,,FALSE,,,,,,51.54924,-0.22094,"51.54924,-0.22094"
940GZZLUWIP,Wimbledon Park,3,,TRUE,940GZZLUWIP-Outside,FALSE,,FALSE,,,,,,51.43462,-0.19962,"51.43462,-0.19962"
940GZZLUWKA,Warwick Avenue,2,,TRUE,940GZZLUWKA-Outside,FALSE,,FALSE,,,,,,51.52336,-0.18366,"51.52336,-0.18366"
940GZZLUWKN,West Kensington,2,,TRUE,940GZZLUWKN-Outside,FALSE,,FALSE,,,,,,51.4907,-0.20686,"51.4907,-0.20686"
940GZZLUWLA,Wood Lane,2,,TRUE,940GZZLUWLA-Outside,FALSE,,FALSE,,,,,,51.50968,-0.22446,"51.50968,-0.22446"
940GZZLUWOF,Woodford,4,,TRUE,940GZZLUWOF-Outside,TRUE,10,FALSE,,,,,,51.60744,0.03359,"51.60744,0.03359"
940GZZLUWOG,Wood Green,3,,TRUE,940GZZLUWOG-Outside,FALSE,,FALSE,,,,,,51.5973,-0.10997,"51.5973,-0.10997"
940GZZLUWOP,Woodside Park,4,,TRUE,940GZZLUWOP-Outside,TRUE,5,FALSE,,,,,,51.61795,-0.18516,"51.61795,-0.18516"
940GZZLUWRR,Warren Street,1,,TRUE,940GZZLUWRR-Outside,FALSE,,FALSE,,,,,,51.52457,-0.13799,"51.52457,-0.13799"
940GZZLUWSD,Wanstead,4,,TRUE,940GZZLUWSD-Outside,FALSE,,FALSE,,,,,,51.57559,0.02831,"51.57559,0.02831"
940GZZLUWSP,Westbourne Park,2,,TRUE,940GZZLUWSP-Outside,FALSE,,FALSE,,,,,,51.5209,-0.20067,"51.5209,-0.20067"
940GZZLUWTA,West Acton,3,,TRUE,940GZZLUWTA-Outside,FALSE,,FALSE,,,,,,51.51789,-0.28108,"51.51789,-0.28108"
940GZZLUWYP,Wembley Park,4,,TRUE,940GZZLUWYP-Outside,TRUE,6,FALSE,,,,,,51.56326,-0.2792,"51.56326,-0.2792"
HUBAMR,Amersham,9,HUBAMR,TRUE,HUBAMR-Outside,TRUE,,FALSE,,,Partial,,,51.67425,-0.60731,"51.67425,-0.60731"
HUBBAL,Balham,3,HUBBAL,TRUE,HUBBAL-Outside,FALSE,,FALSE,,,,,,51.44351,-0.15319,"51.44351,-0.15319"
HUBBAN,Bank,1,HUBBAN,TRUE,HUBBAN-Outside,FALSE,,FALSE,,,Partial,,,51.5124,-0.09031,"51.5124,-0.09031"
HUBBEK,Beckenham Junction,4|Trams fare zone,HUBBEK,FALSE,HUBBEK-Outside,TRUE,88,FALSE,,,Partial,,,51.41059,-0.0259,"51.41059,-0.0259"
HUBBFR,Blackfriars,1,HUBBFR,TRUE,HUBBFR-Outside,FALSE,,TRUE,,Partial,,,,51.51035,-0.10424,"51.51035,-0.10424"
HUBBHO,Blackhorse Road,3,HUBBHO,TRUE,HUBBHO-Outside,FALSE,,FALSE,,,,,,51.58698,-0.04171,"51.58698,-0.04171"
HUBBIR,Birkbeck,4|Trams fare zone,HUBBIR,FALSE,HUBBIR-Outside,FALSE,,FALSE,,,Partial,,,51.40374,-0.05529,"51.40374,-0.05529"
HUBBKG,Barking,4,HUBBKG,TRUE,HUBBKG-Outside,FALSE,,TRUE,Full,,Partial,,,51.53955,0.08142,"51.53955,0.08142"
HUBBRX,Brixton,2,HUBBRX,TRUE,HUBBRX-Outside,FALSE,,FALSE,Full,,,,,51.46265,-0.11496,"51.46265,-0.11496"
HUBBSH,Bushey,8,HUBBSH,FALSE,HUBBSH-Outside,FALSE,,FALSE,,,,,,51.64602,-0.38635,"51.64602,-0.38635"
HUBCAN,Canning Town,2|3,HUBCAN,TRUE,HUBCAN-Outside,FALSE,,FALSE,Full,,,,,51.51446,0.00761,"51.51446,0.00761"
HUBCAW,Canary Wharf,2,HUBCAW,TRUE,HUBCAW-Outside,FALSE,,FALSE,,Full,,,,51.50368,-0.01866,"51.50368,-0.01866"
HUBCFO,Chalfont & Latimer,8,HUBCFO,TRUE,HUBCFO-Outside,TRUE,5,FALSE,,,Partial,,,51.6682,-0.56052,"51.6682,-0.56052"
HUBCHX,Charing Cross,1,HUBCHX,TRUE,HUBCHX-Outside,FALSE,,FALSE,,,,,,51.50812,-0.12497,"51.50812,-0.12497"
HUBCLJ,Clapham Junction,2,HUBCLJ,FALSE,HUBCLJ-Outside,FALSE,,FALSE,,,Partial,,,51.46333,-0.16912,"51.46333,-0.16912"
HUBCLW,Chorleywood,7,HUBCLW,TRUE,HUBCLW-Outside,TRUE,6,FALSE,,,Partial,,,51.65447,-0.51865,"51.65447,-0.51865"
HUBCST,Cannon Street,1,HUBCST,TRUE,HUBCST-Outside,FALSE,,FALSE,,,,,,51.51158,-0.09079,"51.51158,-0.09079"
HUBCUT,Cutty Sark for Maritime Greenwich,2|3,HUBCUT,FALSE,HUBCUT-Outside,FALSE,,TRUE,,Full,,,,51.48144,-0.01122,"51.48144,-0.01122"
HUBCYP,Crystal Palace,3|4,HUBCYP,FALSE,HUBCYP-Outside,TRUE,2,FALSE,,,Partial,,,51.41717,-0.07333,"51.41717,-0.07333"
HUBEAL,Ealing Broadway,3,HUBEAL,TRUE,HUBEAL-Outside,FALSE,,FALSE,,,Partial,,,51.51502,-0.30206,"51.51502,-0.30206"
HUBECY,East Croydon,5|Trams fare zone,HUBECY,FALSE,HUBECY-Outside,FALSE,,FALSE,,,Partial,,,51.37485,-0.09242,"51.37485,-0.09242"
HUBELM,Elmers End,4|Trams fare zone,HUBELM,FALSE,HUBELM-Outside,TRUE,108,FALSE,,,Partial,,,51.39835,-0.04949,"51.39835,-0.04949"
HUBEPH,Elephant & Castle,1|2,HUBEPH,TRUE,HUBEPH-Outside,FALSE,,FALSE,,,,,,51.49573,-0.10083,"51.49573,-0.10083"
HUBEUS,Euston,1,HUBEUS,TRUE,HUBEUS-Outside,FALSE,,TRUE,,,Partial,,,51.52764,-0.13219,"51.52764,-0.13219"
HUBFPK,Finsbury Park,2,HUBFPK,TRUE,HUBFPK-Outside,FALSE,,TRUE,,,Partial,,,51.56521,-0.10779,"51.56521,-0.10779"
HUBGFD,Greenford,4,HUBGFD,TRUE,HUBGFD-Outside,FALSE,,FALSE,,,Partial,,,51.54238,-0.34607,"51.54238,-0.34607"
HUBGNW,Greenwich,2|3,HUBGNW,FALSE,HUBGNW-Outside,TRUE,1,FALSE,,,Partial,,,51.47782,-0.01292,"51.47782,-0.01292"
HUBGUN,Gunnersbury,3,HUBGUN,FALSE,HUBGUN-Outside,FALSE,,FALSE,,,,,,51.49247,-0.2752,"51.49247,-0.2752"
HUBH13,Heathrow Terminals 2 & 3,6,HUBH13,TRUE,HUBH13-Outside,FALSE,,TRUE,Full,,,Full,,51.47115,-0.45225,"51.47115,-0.45225"
HUBHDN,Harlesden,3,HUBHDN,TRUE,HUBHDN-Outside,FALSE,,FALSE,,,,,,51.53613,-0.25721,"51.53613,-0.25721"
HUBHHY,Highbury & Islington,2,HUBHHY,TRUE,HUBHHY-Outside,FALSE,,FALSE,,,Partial,,,51.54622,-0.1035,"51.54622,-0.1035"
HUBHMS,Hammersmith,2,HUBHMS,TRUE,HUBHMS-Outside,FALSE,,FALSE,Full,,,,,51.4926,-0.22424,"51.4926,-0.22424"
HUBHOH,Harrow-on-the-Hill,5,HUBHOH,TRUE,HUBHOH-Outside,FALSE,,FALSE,,,Partial,,,51.57899,-0.33719,"51.57899,-0.33719"
HUBHRW,Harrow & Wealdstone,5,HUBHRW,TRUE,HUBHRW-Outside,TRUE,5,FALSE,,,Partial,,,51.59225,-0.33388,"51.59225,-0.33388"
HUBHX4,Heathrow Terminal 4,6,HUBHX4,TRUE,HUBHX4-Outside,FALSE,,TRUE,,,,Full,,51.45905,-0.44665,"51.45905,-0.44665"
HUBHX5,Heathrow Terminal 5,6,HUBHX5,FALSE,HUBHX5-Outside,FALSE,,TRUE,,,,Full,,51.47193,-0.48821,"51.47193,-0.48821"
HUBIMP,Imperial Wharf,2,HUBIMP,FALSE,HUBIMP-Outside,FALSE,,FALSE,,,,,,51.47555,-0.1831,"51.47555,-0.1831"
HUBKGX,King's Cross St Pancras,1,HUBKGX,TRUE,HUBKGX-Outside,FALSE,,TRUE,,,Partial,,,51.53024,-0.12354,"51.53024,-0.12354"
HUBKNL,Kensal Green,2,HUBKNL,FALSE,HUBKNL-Outside,FALSE,,FALSE,,,,,,51.53031,-0.22511,"51.53031,-0.22511"
HUBKNT,Kenton,4,HUBKNT,TRUE,HUBKNT-Outside,FALSE,,FALSE,,,,,,51.5815,-0.31803,"51.5815,-0.31803"
HUBKPA,Kensington (Olympia),2,HUBKPA,TRUE,HUBKPA-Outside,FALSE,,FALSE,,,Partial,,,51.496,-0.20799,"51.496,-0.20799"
HUBKTN,Kentish Town,2,HUBKTN,TRUE,HUBKTN-Outside,FALSE,,FALSE,,,,,,51.55094,-0.14082,"51.55094,-0.14082"
HUBKWG,Kew Gardens,3|4,HUBKWG,TRUE,HUBKWG-Outside,FALSE,,FALSE,,,,,,51.47741,-0.28684,"51.47741,-0.28684"
HUBLBG,London Bridge,1,HUBLBG,TRUE,HUBLBG-Outside,FALSE,,TRUE,Full,,Partial,,,51.50573,-0.0866,"51.50573,-0.0866"
HUBLCY,London City Airport,3,HUBLCY,FALSE,HUBLCY-Outside,FALSE,,FALSE,,,,Full,,51.50329,0.0498,"51.50329,0.0498"
HUBLEW,Lewisham,2|3,HUBLEW,FALSE,HUBLEW-Outside,FALSE,,FALSE,Full,,Partial,,,51.46454,-0.01261,"51.46454,-0.01261"
HUBLHS,Limehouse,2,HUBLHS,FALSE,HUBLHS-Outside,FALSE,,FALSE,,,Partial,,,51.5123,-0.03922,"51.5123,-0.03922"
HUBLST,Liverpool Street,1,HUBLST,TRUE,HUBLST-Outside,FALSE,,TRUE,Full,,Partial,,,51.51741,-0.08291,"51.51741,-0.08291"
HUBMJT,Mitcham Junction,4|Trams fare zone,HUBMJT,FALSE,HUBMJT-Outside,TRUE,18,FALSE,,,Partial,,,51.39403,-0.15896,"51.39403,-0.15896"
HUBMYB,Marylebone,1,HUBMYB,TRUE,HUBMYB-Outside,FALSE,,FALSE,,,,,,51.52232,-0.16316,"51.52232,-0.16316"
HUBNWB,North Wembley,4,HUBNWB,FALSE,HUBNWB-Outside,FALSE,,FALSE,,,,,,51.56257,-0.30582,"51.56257,-0.30582"
HUBNWD,Norwood Junction,4,HUBNWD,FALSE,HUBNWD-Outside,TRUE,3,FALSE,,,Partial,,,51.39863,-0.07512,"51.39863,-0.07512"
HUBNWX,New Cross,2,HUBNWX,FALSE,HUBNWX-Outside,FALSE,,FALSE,,,Partial,,,51.47651,-0.03219,"51.47651,-0.03219"
HUBNXG,New Cross Gate,2,HUBNXG,FALSE,HUBNXG-Outside,FALSE,,FALSE,,,Partial,,,51.47499,-0.04028,"51.47499,-0.04028"
HUBOLD,Old Street,1,HUBOLD,TRUE,HUBOLD-Outside,FALSE,,FALSE,,,,,,51.52588,-0.08803,"51.52588,-0.08803"
HUBPAD,Paddington,1,HUBPAD,TRUE,HUBPAD-Outside,FALSE,,TRUE,,,,,,51.51549,-0.1757,"51.51549,-0.1757"
HUBQPW,Queen's Park,2,HUBQPW,TRUE,HUBQPW-Outside,FALSE,,FALSE,,,,,,51.53416,-0.20531,"51.53416,-0.20531"
HUBRIC,Rickmansworth,7,HUBRIC,TRUE,HUBRIC-Outside,TRUE,12,FALSE,,,Partial,,,51.64045,-0.47343,"51.64045,-0.47343"
HUBRMD,Richmond,4,HUBRMD,TRUE,HUBRMD-Outside,TRUE,1,TRUE,Full,,Partial,,,51.46341,-0.30208,"51.46341,-0.30208"
HUBSBP,Stonebridge Park,3,HUBSBP,TRUE,HUBSBP-Outside,FALSE,,FALSE,,,,,,51.54396,-0.27461,"51.54396,-0.27461"
HUBSDE,Shadwell,2,HUBSDE,TRUE,HUBSDE-Outside,FALSE,,FALSE,,,,,,51.51138,-0.05583,"51.51138,-0.05583"
HUBSOK,South Kenton,4,HUBSOK,TRUE,HUBSOK-Outside,FALSE,,FALSE,,,,,,51.57057,-0.3074,"51.57057,-0.3074"
HUBSPB,Shepherd's Bush,2,HUBSPB,TRUE,HUBSPB-Outside,FALSE,,FALSE,,,Partial,,,51.50462,-0.21814,"51.50462,-0.21814"
HUBSRA,Stratford,2|3,HUBSRA,TRUE,HUBSRA-Outside,FALSE,,TRUE,Full,,Partial,,,51.54221,-0.00207,"51.54221,-0.00207"
HUBSRU,South Ruislip,5,HUBSRU,TRUE,HUBSRU-Outside,FALSE,,FALSE,,,,,,51.55645,-0.39873,"51.55645,-0.39873"
HUBSVS,Seven Sisters,3,HUBSVS,TRUE,HUBSVS-Outside,FALSE,,FALSE,,,,,,51.58189,-0.07519,"51.58189,-0.07519"
HUBSYD,Sydenham,3,HUBSYD,FALSE,HUBSYD-Outside,FALSE,,FALSE,,,Partial,,,51.42761,-0.05463,"51.42761,-0.05463"
HUBTCR,Tottenham Court Road,1,HUBTCR,FALSE,HUBTCR-Outside,FALSE,,FALSE,,,,,,51.51657,-0.13016,"51.51657,-0.13016"
HUBTOG,Tower Gateway,1,HUBTOG,FALSE,HUBTOG-Outside,FALSE,,FALSE,,,,,,51.51042,-0.07487,"51.51042,-0.07487"
HUBTOM,Tottenham Hale,3,HUBTOM,TRUE,HUBTOM-Outside,FALSE,,TRUE,,,Partial,,,51.58851,-0.06044,"51.58851,-0.06044"
HUBUPM,Upminster,6,HUBUPM,TRUE,HUBUPM-Outside,TRUE,9,TRUE,,,Partial,,,51.5589,0.25327,"51.5589,0.25327"
HUBVIC,Victoria,1,HUBVIC,TRUE,HUBVIC-Outside,FALSE,,TRUE,Full,,Partial,,,51.49597,-0.14372,"51.49597,-0.14372"
HUBVXH,Vauxhall,1|2,HUBVXH,TRUE,HUBVXH-Outside,FALSE,,TRUE,Full,,Partial,,,51.48569,-0.12327,"51.48569,-0.12327"
HUBWAT,Waterloo,1,HUBWAT,TRUE,HUBWAT-Outside,FALSE,,TRUE,Full,Full,Partial,,,51.5039,-0.11523,"51.5039,-0.11523"
HUBWBP,West Brompton,2,HUBWBP,TRUE,HUBWBP-Outside,FALSE,,FALSE,,,Partial,,,51.48738,-0.19564,"51.48738,-0.19564"
HUBWCY,West Croydon,5|Trams fare zone,HUBWCY,FALSE,HUBWCY-Outside,FALSE,,FALSE,,,Partial,,,51.37831,-0.10245,"51.37831,-0.10245"
HUBWEH,West Ham,2|3,HUBWEH,TRUE,HUBWEH-Outside,FALSE,,FALSE,,,Partial,,,51.52777,0.00504,"51.52777,0.00504"
HUBWFJ,Watford Junction,Outside,HUBWFJ,FALSE,HUBWFJ-Outside,TRUE,10,FALSE,,,Partial,,,51.66377,-0.39691,"51.66377,-0.39691"
HUBWHC,Walthamstow Central,3,HUBWHC,TRUE,HUBWHC-Outside,TRUE,8,FALSE,,,,,,51.58317,-0.02001,"51.58317,-0.02001"
HUBWIJ,Willesden Junction,2|3,HUBWIJ,TRUE,HUBWIJ-Outside,FALSE,,FALSE,,,,,,51.53208,-0.24358,"51.53208,-0.24358"
HUBWIM,Wimbledon,3|Trams fare zone,HUBWIM,TRUE,HUBWIM-Outside,TRUE,2,TRUE,Full,,Partial,,,51.42113,-0.20672,"51.42113,-0.20672"
HUBWMB,Wembley Central,4,HUBWMB,TRUE,HUBWMB-Outside,FALSE,,FALSE,,,Partial,,,51.55255,-0.29696,"51.55255,-0.29696"
HUBWRU,West Ruislip,6,HUBWRU,TRUE,HUBWRU-Outside,FALSE,,FALSE,,,,,,51.56976,-0.43787,"51.56976,-0.43787"
HUBWSM,Westminster,1,HUBWSM,TRUE,HUBWSM-Outside,FALSE,,FALSE,,Full,,,,51.50095,-0.12495,"51.50095,-0.12495"
HUBWWA,Woolwich Arsenal,4,HUBWWA,FALSE,HUBWWA-Outside,FALSE,,FALSE,Full,Full,Partial,,,51.49085,0.06842,"51.49085,0.06842"
HUBZCW,Canada Water,2,HUBZCW,TRUE,HUBZCW-Outside,FALSE,,FALSE,Full,,,,,51.49792,-0.04988,"51.49792,-0.04988"
HUBZFD,Farringdon,1,HUBZFD,FALSE,HUBZFD-Outside,FALSE,,FALSE,,,Partial,,,51.5202,-0.10483,"51.5202,-0.10483"
HUBZMG,Moorgate,1,HUBZMG,FALSE,HUBZMG-Outside,FALSE,,FALSE,,,,,,51.5188,-0.0884,"51.5188,-0.0884"
HUBZWL,Whitechapel,2,HUBZWL,FALSE,HUBZWL-Outside,FALSE,,FALSE,,,,,,51.5192,-0.05961,"51.5192,-0.05961"
940GZZNEUGST,Nine Elms,1,,TRUE,940GZZNEUGST-Outside,FALSE,,FALSE,,,,,,51.47991,-0.12848,"51.47991,-0.12848"
940GZZBPSUST,Battersea Power Station,1,,TRUE,940GZZBPSUST-Outside,FALSE,,FALSE,,,,,,51.47993,-0.14214,"51.47993,-0.14214"
910GWOLWXR,Woolwich,4,910GWOLWXR,TRUE,910GWOLWXR-Outside,FALSE,,FALSE,,,,,,51.49207,0.07069,"51.49207,0.07069"
910GBKRVS,Barking Riverside,4,910GBKRVS,TRUE,910GBKRVS-Outside,FALSE,,FALSE,,Full,,,,51.51865,0.12017,"51.51865,0.12017"